url,reader_question,action,skill,method_sources,distinct_from_existing
/oh-story/write-a-xianxia-novel,仙侠小说修炼线怎么写：资源、突破与新目标,rewrite-and-restore,story-long-write,https://github.com/zenstory-ai/oh-story-claudecode/blob/4a50d5583590eb7f207037e35136c1168bc02201/skills/story-long-write/references/genre-prose-cards/东方仙侠.md | https://github.com/zenstory-ai/oh-story-claudecode/blob/4a50d5583590eb7f207037e35136c1168bc02201/skills/story-long-write/references/genre-prose-cards/传统玄幻.md,修炼行动、资源与突破结算；区别于境界体系设计
/oh-story/write-a-campus-novel,校园恋爱小说怎么写：让小事推动关系变化,rewrite-and-restore,story-long-write,https://github.com/zenstory-ai/oh-story-claudecode/blob/4a50d5583590eb7f207037e35136c1168bc02201/skills/story-long-write/references/genre-prose-cards/青春甜宠.md,校园环境下的小事与关系继承；明确只讨论校园恋爱
/oh-story/write-an-overpowered-protagonist,主角太强怎么写：保留能力，改变阻力,new,story-long-write,https://github.com/zenstory-ai/oh-story-claudecode/blob/4a50d5583590eb7f207037e35136c1168bc02201/skills/story-long-write/references/character-basics.md,已有公开强项之外的目标阻力；区别于隐藏实力揭晓
/oh-story/write-an-infinite-flow-novel,无限流小说怎么写：让副本与现实主线互相推动,new,story-long-write,https://github.com/zenstory-ai/oh-story-claudecode/blob/4a50d5583590eb7f207037e35136c1168bc02201/skills/story-long-write/references/long-genre-catalog.md | https://github.com/zenstory-ai/oh-story-claudecode/blob/4a50d5583590eb7f207037e35136c1168bc02201/skills/story-long-write/references/plot-frameworks.md,跨副本现实主线与进入原因；不复制规则怪谈副本构建
/drama-skills/rebirth-short-drama,重生短剧怎么写：第一次改命要成为屏幕行动,new,short-drama-develop,https://github.com/zenstory-ai/drama-skills/blob/0afa4ea253cf4d1aa2d134863b15a592547cfb54/skills/short-drama-develop/references/genre-cards/重生穿越.md | https://github.com/zenstory-ai/drama-skills/blob/0afa4ea253cf4d1aa2d134863b15a592547cfb54/skills/short-drama-develop/references/premise-devices.md,首集可表演改命、观众信息与双时间线制作；区别于小说写法
/drama-skills/second-chance-romance-drama,破镜重圆短剧怎么写：让复合有行动证据,new,short-drama-develop,https://github.com/zenstory-ai/drama-skills/blob/0afa4ea253cf4d1aa2d134863b15a592547cfb54/skills/short-drama-develop/references/genre-cards/破镜重圆.md,旧伤对应的行动证明、关系选择与旧物制作；不默认复合
/oh-story/write-subtext-in-dialogue,小说对白潜台词怎么写：话没说透，行动要清楚,rewrite-and-restore,story-long-write,https://github.com/zenstory-ai/oh-story-claudecode/blob/4a50d5583590eb7f207037e35136c1168bc02201/skills/story-long-write/references/dialogue-mastery.md,不直说的理由、可推断线索与回应；区别于人物声线工作流
/oh-story/write-a-smart-character,聪明角色怎么写：让读者看见判断与验证,new,story-long-write,https://github.com/zenstory-ai/oh-story-claudecode/blob/4a50d5583590eb7f207037e35136c1168bc02201/skills/story-long-write/references/character-design-methods.md,可接触线索、判断与验证；不靠全知或对手降智
/oh-story/write-character-contrast,人物反差怎么写：不同表现要有同一个原因,new,story-long-write,https://github.com/zenstory-ai/oh-story-claudecode/blob/4a50d5583590eb7f207037e35136c1168bc02201/skills/story-long-write/references/character-design-methods.md,已有内在面与不同场合行为；区分于随时间发生的人物弧线
/oh-story/write-a-worthy-rival,亦敌亦友怎么写：互相认可，也有真实冲突,new,story-long-write,https://github.com/zenstory-ai/oh-story-claudecode/blob/4a50d5583590eb7f207037e35136c1168bc02201/skills/story-long-write/references/character-relations.md,非必然爱情的认可、竞争与有限合作；双方各自目标
/drama-skills/short-drama-plot-twists,短剧反转怎么写：新事实要改变下一步行动,new,short-drama-develop,https://github.com/zenstory-ai/drama-skills/blob/0afa4ea253cf4d1aa2d134863b15a592547cfb54/skills/short-drama-develop/references/reveal-reversal-payoff.md | https://github.com/zenstory-ai/drama-skills/blob/0afa4ea253cf4d1aa2d134863b15a592547cfb54/skills/short-drama-develop/references/serial-character-and-memory.md,屏幕证据结论、转向与局部回报；区分于小说反转类型总表
/drama-skills/short-drama-character-memory,短剧人物前后矛盾怎么办：先查跨集记忆,new,short-drama-develop,https://github.com/zenstory-ai/drama-skills/blob/0afa4ea253cf4d1aa2d134863b15a592547cfb54/skills/short-drama-develop/references/serial-character-and-memory.md,剧情知识、承诺与跨集摘要；区分于外形和镜头连续
/drama-skills/short-drama-character-design,短剧人物怎么设计：用压力预测他的选择,new,short-drama-develop,https://github.com/zenstory-ai/drama-skills/blob/0afa4ea253cf4d1aa2d134863b15a592547cfb54/skills/short-drama-develop/references/serial-character-and-memory.md,预测压力下选择的人物开发；不以设定外貌或正向成长替代
/drama-skills/write-a-family-drama-short-series,家庭短剧怎么写：争吵之后，边界要真的改变,rewrite-and-restore,short-drama-develop,https://github.com/zenstory-ai/drama-skills/blob/0afa4ea253cf4d1aa2d134863b15a592547cfb54/skills/short-drama-develop/references/genre-cards/家庭关系.md,照护分工、可见物件与边界变化；屏幕连续剧方法
/drama-skills/write-a-workplace-short-drama,职场喜剧短剧怎么写：专业结果先让人看见,rewrite-and-restore,short-drama-develop,https://github.com/zenstory-ai/drama-skills/blob/0afa4ea253cf4d1aa2d134863b15a592547cfb54/skills/short-drama-develop/references/genre-cards/职场喜剧.md,流程权限、第三方核对与责任变化；不靠专业夸赞
/drama-skills/rules-horror-short-drama,规则怪谈短剧怎么写：让观众看见验证与代价,new,short-drama-develop,https://github.com/zenstory-ai/drama-skills/blob/0afa4ea253cf4d1aa2d134863b15a592547cfb54/skills/short-drama-develop/references/genre-cards/悬疑规则.md,观众可见试验与光源/人数/道具连续；屏幕短集方法
/drama-skills/low-budget-short-drama,低成本短剧怎么写：先保住剧情，再减制作负担,new,short-drama-develop,https://github.com/zenstory-ai/drama-skills/blob/0afa4ea253cf4d1aa2d134863b15a592547cfb54/skills/short-drama-develop/references/director-brief-craft.md | https://github.com/zenstory-ai/drama-skills/blob/0afa4ea253cf4d1aa2d134863b15a592547cfb54/skills/short-drama-develop/references/genre-cards/家庭关系.md | https://github.com/zenstory-ai/drama-skills/blob/0afa4ea253cf4d1aa2d134863b15a592547cfb54/skills/short-drama-develop/references/genre-cards/破镜重圆.md,制作负担比较与必保戏剧功能；不复制小说改编删场教程或编预算数字
/novel-to-game/map-a-branching-game-story,游戏分支剧情怎么规划：汇合点与内容预算,rewrite-and-restore,game-concept,https://github.com/zenstory-ai/novel-to-game/blob/ca29145983acead0fc4f7751b80ebc34c68a1200/skills/game-concept/references/concept-method.md | https://github.com/zenstory-ai/novel-to-game/blob/ca29145983acead0fc4f7751b80ebc34c68a1200/skills/game-world-design/references/narrative-design-method.md,结构、汇合和内容规模；区别于单个选择的意义与终局
/novel-to-game/design-a-relationship-system,游戏好感度怎么设计：让角色记得具体选择,new,game-world-design,https://github.com/zenstory-ai/novel-to-game/blob/ca29145983acead0fc4f7751b80ebc34c68a1200/skills/game-world-design/references/narrative-design-method.md | https://github.com/zenstory-ai/novel-to-game/blob/ca29145983acead0fc4f7751b80ebc34c68a1200/skills/game-world-design/references/numeric-design-method.md,具体关系事实与可选数值；区别于一般资源消耗设计
/novel-to-game/prototype-a-story-driven-game-vertical-slice,叙事游戏原型怎么做：先验证选择与回响,rewrite-and-restore,game-world-design,https://github.com/zenstory-ai/novel-to-game/blob/ca29145983acead0fc4f7751b80ebc34c68a1200/skills/game-world-design/references/world-design-method.md | https://github.com/zenstory-ai/novel-to-game/blob/ca29145983acead0fc4f7751b80ebc34c68a1200/skills/game-world-design/references/narrative-design-method.md,可证伪叙事假设与最小完整切片；区别于成品 QA
